,Age,Is_Male,Total_Bilirubin,Direct_Bilirubin,Alkaline_Phosphotase,Alamine_Aminotransferase,Aspartate_Aminotransferase,Total_Protiens,Albumin,Albumin_and_Globulin_Ratio
False Patient,41.36363636363637,0.703030303030303,1.1448484848484848,0.3963636363636364,220.6848484848485,33.836363636363636,40.763636363636365,6.539393939393939,3.3393939393939394,1.0295757575757576
True Patient,46.14492753623188,0.7801932367149759,4.180434782608695,1.9316425120772949,319.536231884058,99.97342995169082,138.17391304347825,6.458695652173912,3.0584541062801933,0.9141787439613527
